океан,тихий
океан,ледовитый
океан,мировой
океан,атлантический
океан,индийский
океан,безбрежный
музыка,русская
музыка,классическая
музыка,современная
музыка,советская
музыка,военная
пацифизм,буржуазный
пацифизм,абстрактный
пацифизм,аристократический
пацифизм,врожденный
пацифизм,вынужденный
пацифизм,добрый 
пацифизм,здоровый
привязанность,горячая
привязанность,нежная
привязанность,взаимная
привязанность,детская
привязанность,искренняя
привязанность,сердечная
привязанность,особенная
привязанность,сильная
привязанность,большая
смысл,здравый
привязанность,истинный
привязанность,глубокий
привязанность,общий
привязанность,всякий
привязанность,внутренний
привязанность,особый
привязанность,главный
привязанность,определенный
привязанность,подлинный
буря,сильная
буря,нежная
буря,страшная
буря,песчаная
буря,магнитная
буря,пыльная
буря,великая
друг,милый
друг,дорогой
друг,любезный
друг,старый
друг,лучший
друг,верный
друг,добрый
друг,близкий
