ein,nei,ien,ein
visum,ivusm,smvui,suimv
ist,sit,ist,sti
eine,iene,niee,eine
–,–,–,–
nor­maler­weise,nler­a­wseiroem,onre­lee­arwmis,w­i­sermoernale
in,ni,in,ni
einen,inene,ieenn,nneie
reise­pass,rsa­sseipe,sea­ssipre,essspriae­
einge­tragene,tgaeg­eineren,eegaentgn­rie,­nnegergeaiet
–,–,–,–
bestä­tigung,gi­ttngsbeuä,unsg­ttebigä,gib­gettnäus
eines,senei,nesie,iesne
fremden,fedemrn,fernemd,mdneefr
landes,delasn,sdnela,nealsd
dass,asds,sads,dass
ein­reise,seeiinre­,­eersieni,neriiees­
durch­reise,dehisrr­ecu,sduree­icrh,scruedehir­
und,udn,und,und
aufent­halt,­aetufahntl,ntf­utahlea,ltnutha­fae
des,des,dse,sde
pass­inha­bers,irshassp­ne­ab,nrsesbpa­hsi­a,i­bn­paasrhess
erlaubt,ubrlate,eaurtlb,urbeatl
sind,ndsi,nsdi,dnsi
in,in,ni,ni
den,end,ned,nde
meisten,stienem,mteeisn,isnmete
fällen,änllef,llfeän,lfälne
wird,idrw,irdw,drwi
das,asd,ads,asd
visum,sivum,svumi,smuiv
als,sla,lsa,asl
ein­reise­visum,n­m­eriviissuee,mseeiiuiven­rs­,ius­­ieeesrnvim
aus­ge­stellt,t­ull­esgaset,u­lgsst­ealte,aslt­euelg­st
manche,eamnhc,hmcean,henamc
staaten,aesntta,enttaas,tensaat
ver­langen,­naeegrvln,g­veneranl,­nnlaeevgr
auch,uhca,cuha,huac
ein,eni,ein,eni
aus­reise­visum,­rimssuvisuaee­,seu­msirsaviu­e,sruei­iau­vsems
oder,dero,oerd,redo
ein,ein,ien,nie
visum,ivsum,vimus,mvisu
für,für,frü,frü
reisen,ineesr,neseri,irseen
inner­halb,ibnneh­lra,abnrilh­en,an­brehnli
des,eds,eds,esd
landes,elands,ealdsn,esnlad
(reise­visum,(irsium­eesv,eesi­ivums(r,ieseivsm(­ur
durch­reise­visum,d­risiehsrmucu­ev,vseihdr­rm­sicuue,u­cusrdvhiire­sem
nur,unr,rnu,unr
für,rfü,ürf,üfr
den,end,edn,nde
un­mittel­baren,relunbm­ntiate­,tlr­tuin­eanebm,ea­l­emnunrtitb
transit),r)natits,tit)asrn,rasi)ntt
ein,eni,eni,eni
visum,svmiu,svuim,siuvm
zur,uzr,uzr,ruz
durch­reise,eedrruis­hc,ecshriudre­,hdis­erruec
durch,dhurc,hdcur,rhudc
die,dei,eid,die
inter­natio­nalen,n­telatiineronna­,nonea­ir­tlntinae,t­nitonnle­aainre
transit­zonen,zteinoans­rnt,eanztinnsrto­,sttzrnin­aeon
eines,nseie,eensi,neeis
oder,erdo,odre,edro
mehrerer,hemrreer,herreerm,ermehrre
flug­häfen,ghnfl­äefu,efh­fgnälu,h­gfuänfel
wird,driw,wird,dwri
als,asl,als,sal
flug­hafen­transit­visum,saegstfi­hfrun­inmtlua­v,uiuef­riv­nsghmtfsatanl­,­urmfaes­uitlt­fvginnash
bezeich­net,ebie­zhetcn,ncze­teeihb,chebenezti­
das,sad,das,das
visum,svimu,sumiv,imuvs
kann,aknn,nank,nnka
–,–,–,–
ab­hängig,bhg­iänag,­bgignäha,hbäigag­n
von,onv,ovn,nov
der,der,dre,rde
rechts­ordnung,cusgnt­nhdrroe,cdeorshntug­rn,nrtchgduoe­rsn
des,dse,eds,sed
aus­steller­staates,lssralets­eeat­tasu,e­stastlelrestasua­,usaasre­­tlsaesetlt
–,–,–,–
neben,neneb,nbeen,bneen
der,der,erd,rde
erlaub­nis,­rubaselni,­reualsbni,­urlisbnea
zum,muz,mzu,uzm
grenz­über­tritt,zt­irrgeütnb­ert,nrrb­gteetiütr­z,tgernt­üteb­rirz
zu­gleich,izugh­lce,­lgzeicuh,hzguicle­
auf­ent­halts­erlaub­nis,fiaul­u­­an­setlbhrantes,uhf­­lia­ssre­alnnbuteta,slnihnf­uraa­eesu­al­ttb
sein,sine,ines,esni
eben­so,e­nobse,sobe­ne,­nobees
be­stimmt,­bttesmmi,t­mesitbm,istm­ebtm
die,ied,ied,ide
rechts­ordnung,urdgnchtne­ros,gruhrodentns­c,ohstr­enugcrnd
des,sed,eds,eds
aus­steller­staates,tesu­asr­tssatleael,tuaalestaerss­­etls,ssue­­astlarsettale
welche,eeclwh,welceh,clhewe
be­hörde,­breöhde,döeer­bh,ed­hröeb
das,dsa,asd,asd
visum,vuims,usvmi,isvum
er­teilt,etlt­ire,­etrleit,etrteli­
zustän­dige,ti­zgduseän,­nätuzsideg,sie­nudtägz
stelle,etesll,letlse,stelel
für,frü,frü,für
die,ied,die,ied
er­teilung,eet­nlguir,rgtiul­ene,turignee­l
von,nov,ovn,von
ein­reise­visa,eines­­sriaive,iniessr­­eivea,eeinvss­irea­i
ist,tsi,sit,ist
zu­meist,­temsziu,esimztu­,s­zuietm
ein,nie,eni,eni
kon­sulat,ant­uolsk,ntako­lus,lsu­antok
und,dun,udn,dnu
die,die,dei,edi
kon­sular­abtei­lung,­uln­oluaatg­kbeisrn,tn­blsoelarnui­agk­u,­llgunu­enaoat­rsbki
einer,neire,niere,reein
bot­schaft,hcbot­fast,tthcosa­fb,tasthcfo­b
des,esd,sde,esd
je­weiligen,ejiilgeew­n,ejei­iwglen,njewe­lieig
landes,lnaesd,nedals,lesadn
die,die,eid,edi
ertei­lung,lntigee­ru,legrtiune­,rutenei­lg
an,an,an,na
einer,reeni,enrei,eerin
grenz­über­gangs­stelle,gsebrlg­neg­lüesanr­zet,erse­ennzb­gletgüars­gl,selgs­bg­glrreeenntü­az
oder,orde,doer,erod
am,am,ma,am
flug­hafen,fn­ufeglha,guhnfaelf­,ahegufn­lf
ist,sit,sti,sit
in,in,in,ni
einigen,ennegii,einneig,gineein
staaten,tentaas,etnsata,tanates
nur,rnu,nru,nur
aus­nahms­weise,mia­ewsh­esusna,meaniae­s­hussw,ssweamas­iuh­ne
zulässig,igzluäss,zuäsigsl,äsuglzis
während,hdwnäre,wreädhn,nheädwr
sie,ise,esi,esi
in,ni,in,in
anderen,drennea,eenadrn,randnee
staaten,statnae,tanesat,natetas
den,end,end,dne
regel­fall,l­fraleleg,gl­frlelae,elfegalr­l
darstellt,rlladttes,leratltds,rlasdtlet
